V,Loc_max,Conn_Level,Connectivity,Running Time
100.0,3.0,2.0,0.9999985616566214,0.9179770946502686
