V,Loc_max,Conn_Level,Connectivity,Running Time
36.0,2.0,1.0,0.8531293754344652,0.17711591720581055
