V,Loc_max,Conn_Level,Connectivity,Running Time
36.0,2.0,1.0,0.9303523923639124,0.22283315658569336
36.0,2.0,1.0,0.7602547676671646,0.18858814239501953
36.0,2.0,1.0,0.8416078895173977,0.28220605850219727
36.0,2.0,1.0,0.9687721920086063,0.2391960620880127
