V,Loc_max,Conn_Level,Connectivity,Running Time
10.0,3.0,3.0,0.9708817961044001,0.20912981033325195
