V,Loc_max,Conn_Level,Connectivity,Running Time,,,
36,2,2,0.997514107,0.215107679,,,
36,2,2,0.987092934,0.197392941,,Connectivity 2 Conn Level,Connectivity 2 Conn Level
36,2,2,1,0.215141296,,0.99,12.64
36,2,2,0.996725325,0.210314751,,Connectivity 3 Conn Level,Connectivity 3 Conn Level
36,2,2,0.99040462,0.215722084,,1,12.72
36,2,3,1,0.211604118,,,
36,2,3,0.999354054,0.217131615,,,
36,2,3,1,0.219969988,,,
36,2,3,0.999990433,0.218322277,,,
36,2,3,1,0.192564011,,,